{"cameraMode":{"drawMode":0,"name":"Shaded","section":"Shading Mode"},"sceneLighting":true,"audioPlay":false,"sceneViewState":{"showFog":true,"showMaterialUpdate":false,"showSkybox":false,"showFlares":true,"showImageEffects":true,"showParticleSystems":true},"in2DMode":false,"pivot":{"x":5.319882869720459,"y":1.0000004768371583,"z":-6.453537940979004},"rotation":{"x":-0.2713182270526886,"y":-0.018192125484347345,"z":0.0051314313896000389,"w":-0.9623159766197205},"size":5.8416595458984379,"orthographic":false}