{"cameraMode":{"drawMode":0,"name":"Shaded","section":"Shading Mode"},"sceneLighting":true,"audioPlay":false,"sceneViewState":{"showFog":true,"showMaterialUpdate":false,"showSkybox":true,"showFlares":true,"showImageEffects":true,"showParticleSystems":true},"in2DMode":false,"pivot":{"x":19.76485252380371,"y":13.931943893432618,"z":-43.37645721435547},"rotation":{"x":0.6742734313011169,"y":0.009691338054835797,"z":-0.009371471591293812,"w":0.7387425899505615},"size":12.383916854858399,"orthographic":false}