{"cameraMode":{"drawMode":0,"name":"Shaded","section":"Shading Mode"},"sceneLighting":true,"audioPlay":false,"sceneViewState":{"showFog":true,"showMaterialUpdate":false,"showSkybox":true,"showFlares":true,"showImageEffects":true,"showParticleSystems":true},"in2DMode":false,"pivot":{"x":15.407020568847657,"y":-7.848655700683594,"z":17.38786506652832},"rotation":{"x":0.50542813539505,"y":-0.42838841676712038,"z":0.3194212019443512,"w":0.6776330471038818},"size":60.58088684082031,"orthographic":false}