{"cameraMode":{"drawMode":0,"name":"Shaded","section":"Shading Mode"},"sceneLighting":true,"audioPlay":false,"sceneViewState":{"showFog":true,"showMaterialUpdate":false,"showSkybox":true,"showFlares":true,"showImageEffects":true,"showParticleSystems":true},"in2DMode":false,"pivot":{"x":15.292930603027344,"y":-59.048709869384769,"z":-12.085777282714844},"rotation":{"x":-0.536381185054779,"y":-0.46353355050086977,"z":0.5066584348678589,"w":-0.4907418191432953},"size":45.88667678833008,"orthographic":false}